uhxydb,vufqui,8176213,497393
dbuuuc,scobtn,9112108,392445
lxhxyq,xstlph,8773840,645678
fcotin,utcyfd,6007783,626424
jfrklx,mtyoyp,5968147,689349
bqsilf,lgyxrj,8070200,954159
sooyrf,tecsyb,6795275,365523
ikflyc,cfqtvc,8028141,329365
eovhkp,oxwejm,5947145,37062
crhrwc,lywyrb,8184213,566062
vfwkqv,mfmguy,4424902,680475
crfqpl,gpyflu,8172108,535034
wmabxx,jdbwsm,7963858,938153
cjsncy,fbmvqp,7197618,572693
bxwvwr,lqdake,7985198,365316
nyakba,ubdufv,5949691,686366
apmodi,xtxgtw,7202182,42135
ivuftm,fnbkyq,3548032,570693
ccusxf,wptwuo,6958254,792748
libejh,stowei,8702306,411719
mvnkuv,bvgqjp,7795265,355453
qhpani,fspfgb,8188647,948440
mydaeh,dsuqvf,4748047,982094
shxfpb,jmudtc,6294016,285983
rujkya,iivotr,7032794,109808
fqdjqa,cwswvx,8898080,510230
oesrxr,nrmcoy,3337119,944430
amcfpr,xdsygd,5741458,240678
locvbe,gltfvi,6749160,22589
viydnt,snfljf,6768605,876391
qhvkkq,irymwm,5148032,78082
posdko,ertssc,7259292,439442
oofoxk,lffdoc,8417675,828399
bayfiy,vfhqry,7096350,600752
ehubax,jqbhte,7303515,618371
qvhnpg,tgcjhv,7807404,685321
gxxmsa,kinjey,3735492,210524
rwvcei,jmwjim,3714469,196849
jyfaou,qiqgeq,6790678,395551
xpohqx,vqgjsj,6213650,676262
rfrpei,kcpdon,3847344,511270
iuedgb,hljcnx,3277772,514306
wogxol,nscnio,6658211,404786
erpnbh,rgpyod,3361416,675220
xjwtsn,ejtkhj,8473804,850090
aobgtg,cypfrw,6072904,156777
sviigv,rkmhld,8894970,942128
dvivbj,jufvqd,4372760,411279
dcxyps,pxckbl,8871177,528387
apmngm,jdaalt,4797539,882847
efvuvh,sxmprr,5027834,310378
dloumq,qjnugq,7315426,278203
bwbnok,xrvcsq,6537657,849891
gdnebi,xxtilx,4505632,181330
wxcikn,ieqpex,6840224,348724
pjsoey,hbsnqq,6273488,146815
uhdlgs,xsrjyr,7177950,735562
dqibmg,onrxen,8669268,462329
whpvri,yfnppp,5782227,290099
ibtrdf,gnkobu,8244883,357611
rgfwwn,nlgilf,4697974,761857
agcqec,lkkjob,7411117,555510
yshrnq,omrwqp,8018655,700126
bxecca,jpectl,5082663,710021
kegkdi,apocxj,7338781,501337
krnjgs,isrlcd,5454996,456951
sghgln,ssqluc,6803008,501581
ryetnl,iptypj,4488155,514717
jlgjxa,opliax,4228383,294461
nvnwtb,xbkfuo,3381616,516006
sfnvxe,vhpasc,6266677,338266
xqkcib,srwedr,4519895,25373
nmgvat,ivxgsx,5109582,831519
ufiawc,hooddu,8567985,503570
hotbql,mididi,9090333,782212
egxcte,nxxdcr,6665531,816290
ludpmr,wxydjq,6717504,173585
lvcbsq,psnddj,4332531,253168
bixeme,eetmha,7471885,138113
jylkkt,fnfgot,8693512,922302
rxyfog,rfxftt,3629947,91391
coqfqq,ijtedw,4443413,816254
uxsatm,xdclfr,6350879,848878
kfurdh,dyyubk,3630832,807326
vnsspb,fcwspq,7583199,851053
ypdqtm,iniloy,5019129,323152
rktvkm,tkjidg,7784782,756250
emebej,brohmw,6732568,478022
mamsjw,ggtspe,4895508,825548
sdlghh,pyjrtt,5783850,991009
doeuly,feoovs,6346025,720352
vmgape,rkuekc,8348563,308923
ehcikc,alxlpi,4171783,560814
cpsllb,tkurcv,5303580,970215
dbeerh,eycpop,5084187,352095
grljrb,vbsrxg,8967926,395468
ucuhha,epytky,5360756,175435
gtpbrt,kfvoao,7750609,970646
cikepc,owpuyc,3351263,862347
hhxast,hkdgec,7463703,501326
